Country,Commit Count,Commits per Capita,"Commits per 100,000 People",Population,Language
New Zealand,379365,0.089214555,8921.46,4252277,All
Switzerland,387474,0.051111199,5111.12,7581000,All
Norway,250469,0.050002296,5000.23,5009150,All
Sweden,445017,0.046569902,4656.99,9555893,All
Svalbard and Jan Mayen,115,0.045098039,4509.8,2550,All
Iceland,13355,0.043232657,4323.27,308910,All
Tonga,5156,0.042062327,4206.23,122580,All
Finland,215034,0.041005721,4100.57,5244000,All
Denmark,216220,0.039427425,3942.74,5484000,All
British Indian Ocean Territory,141,0.03525,3525,4000,All
Netherlands,572533,0.034396696,3439.67,16645000,All
Canada,1132752,0.033633778,3363.38,33679000,All
United States,10071026,0.032462796,3246.28,310232863,All
Estonia,39999,0.03097888,3097.89,1291170,All
Jersey,2774,0.030546624,3054.66,90812,All
Costa Rica,126255,0.027955901,2795.59,4516220,All
United Kingdom,1681003,0.026961425,2696.14,62348447,All
Austria,196316,0.023926386,2392.64,8205000,All
Gibraltar,593,0.021266676,2126.67,27884,All
Australia,455580,0.021174252,2117.43,21515754,All
Germany,1690577,0.02066663,2066.66,81802257,All
Belgium,211921,0.020371143,2037.11,10403000,All
Czech Republic,207180,0.019776632,1977.66,10476000,All
Slovenia,39324,0.019593423,1959.34,2007000,All
France,1220324,0.018841352,1884.14,64768389,All
Singapore,83688,0.017801908,1780.19,4701069,All
Luxembourg,8081,0.016241975,1624.2,497538,All
Latvia,31952,0.014405972,1440.6,2217969,All
New Zealand,61022,0.014350429,1435.04,4252277,JavaScript
Israel,98522,0.01339709,1339.71,7353985,All
Netherlands Antilles,1730,0.012702189,1270.22,136197,All
Portugal,131898,0.012354627,1235.46,10676000,All
Croatia,51441,0.011454242,1145.42,4491000,All
Ireland,52104,0.011270806,1127.08,4622917,All
Liechtenstein,393,0.011228571,1122.86,35000,All
Anguilla,145,0.010940094,1094.01,13254,All
Hong Kong,71107,0.010307325,1030.73,6898686,All
Bulgaria,72233,0.010104234,1010.42,7148785,All
Japan,1282970,0.010079269,1007.93,127288000,All
Lithuania,34410,0.009652174,965.22,3565000,All
Belarus,92302,0.009530408,953.04,9685000,All
New Zealand,38358,0.009020579,902.06,4252277,Python
Hungary,87838,0.008799639,879.96,9982000,All
Uruguay,29284,0.008422203,842.22,3477000,All
Poland,307653,0.007990987,799.1,38500000,All
Slovakia,43310,0.007939505,793.95,5455000,All
Mali,109394,0.007929196,792.92,13796354,All
Andorra,666,0.007928571,792.86,84000,All
Monaco,260,0.007887153,788.72,32965,All
Taiwan,174084,0.007603786,760.38,22894384,All
Greece,82661,0.007514636,751.46,11000000,All
Faroe Islands,351,0.00727793,727.79,48228,All
Tuvalu,73,0.00697097,697.1,10472,All
New Zealand,29569,0.006953686,695.37,4252277,Ruby
Romania,141346,0.006436733,643.67,21959278,All
Ukraine,288055,0.006342645,634.26,45415596,All
Norway,30501,0.006089057,608.91,5009150,JavaScript
Chile,98816,0.005900699,590.07,16746491,All
Saint Vincent and the Grenadines,606,0.00581479,581.48,104217,All
Estonia,6909,0.005350961,535.1,1291170,JavaScript
Kiribati,491,0.005306215,530.62,92533,All
United States,1628405,0.005248976,524.9,310232863,JavaScript
Venezuela,139942,0.005140537,514.05,27223228,All
Guernsey,322,0.00493653,493.65,65228,All
Bahamas,1487,0.004927267,492.73,301790,All
Saint Barthelemy,41,0.004852071,485.21,8450,All
Iceland,1471,0.004761905,476.19,308910,Python
Finland,24579,0.004687071,468.71,5244000,JavaScript
Malta,1857,0.00460794,460.79,403000,All
Italy,273981,0.004540595,454.06,60340328,All
Saint Lucia,727,0.004517717,451.77,160922,All
Spain,208630,0.004486091,448.61,46505963,All
Cuba,49929,0.004370918,437.09,11423000,All
Colombia,188440,0.004262838,426.28,44205293,All
Isle of Man,316,0.004210582,421.06,75049,All
Cyprus,4617,0.004187083,418.71,1102677,All
New Zealand,17441,0.004101567,410.16,4252277,Java
Argentina,168563,0.004077164,407.72,41343201,All
Armenia,11970,0.004033019,403.3,2968000,All
Russia,563964,0.004008216,400.82,140702000,All
Canada,132725,0.003940883,394.09,33679000,JavaScript
United States,1202882,0.003877352,387.74,310232863,Ruby
New Zealand,15797,0.003714951,371.5,4252277,PHP
Costa Rica,16295,0.003608106,360.81,4516220,Ruby
Denmark,18999,0.003464442,346.44,5484000,JavaScript
United Kingdom,214407,0.003438851,343.89,62348447,JavaScript
Sao Tome and Principe,598,0.003401438,340.14,175808,JavaScript
American Samoa,195,0.003368981,336.9,57881,All
Marshall Islands,220,0.00334047,334.05,65859,All
Puerto Rico,13035,0.003328115,332.81,3916632,All
Costa Rica,14872,0.003293019,329.3,4516220,JavaScript
Norway,16441,0.003282194,328.22,5009150,Ruby
Niue,7,0.003231764,323.18,2166,JavaScript
Jamaica,9182,0.003224886,322.49,2847232,All
New Zealand,13557,0.003188174,318.82,4252277,C++
Macao,1421,0.003163416,316.34,449198,All
Serbia,23215,0.003160719,316.07,7344847,All
Curacao,444,0.003131922,313.19,141766,All
Macedonia,6285,0.003049491,304.95,2061000,All
Norway,15209,0.003036244,303.62,5009150,Java
Norway,15101,0.003014683,301.47,5009150,Python
Georgia,13627,0.002943197,294.32,4630000,All
Sweden,28117,0.002942373,294.24,9555893,JavaScript
Slovenia,5884,0.002931739,293.17,2007000,Python
New Zealand,12335,0.002900799,290.08,4252277,C
Iceland,877,0.002839015,283.9,308910,JavaScript
Sao Tome and Principe,494,0.002809884,280.99,175808,Python
South Korea,135039,0.002788757,278.88,48422644,All
South Africa,135030,0.002755714,275.57,49000000,All
Switzerland,20818,0.002746076,274.61,7581000,Python
Brazil,549034,0.002730109,273.01,201103330,All
Netherlands,45420,0.002728747,272.87,16645000,JavaScript
Switzerland,20268,0.002673526,267.35,7581000,JavaScript
Denmark,14587,0.00265992,265.99,5484000,PHP
Iceland,818,0.00264802,264.8,308910,Java
Australia,56771,0.002638578,263.86,21515754,JavaScript
United States,816423,0.002631646,263.16,310232863,Python
Malaysia,74408,0.002631608,263.16,28274729,All
Montenegro,1750,0.002624751,262.48,666730,All
Maldives,1024,0.002588146,258.81,395650,All
Latvia,5577,0.002514463,251.45,2217969,JavaScript
Switzerland,19040,0.002511542,251.15,7581000,Java
Estonia,3209,0.002485343,248.53,1291170,C++
New Caledonia,521,0.002406533,240.65,216494,All
Slovenia,4723,0.002353264,235.33,2007000,Java
Montserrat,21,0.002248153,224.82,9341,All
Norway,11032,0.00220237,220.24,5009150,C
Nicaragua,13062,0.002178478,217.85,5995928,All
Netherlands,35573,0.002137158,213.72,16645000,PHP
Austria,17237,0.002100792,210.08,8205000,Java
Finland,10983,0.002094394,209.44,5244000,Java
Estonia,2632,0.002038461,203.85,1291170,Java
Austria,16680,0.002032907,203.29,8205000,JavaScript
Estonia,2558,0.001981149,198.11,1291170,PHP
Canada,66431,0.001972475,197.25,33679000,C++
Iceland,601,0.00194555,194.56,308910,Objective-C
Latvia,4289,0.001933751,193.38,2217969,PHP
Sweden,18205,0.001905107,190.51,9555893,Python
Finland,9943,0.001896072,189.61,5244000,Python
Switzerland,14295,0.001885635,188.56,7581000,PHP
Australia,40476,0.001881226,188.12,21515754,Ruby
Cuba,21326,0.001866935,186.69,11423000,JavaScript
Sri Lanka,40074,0.001862695,186.27,21513990,All
Portugal,19810,0.001855564,185.56,10676000,JavaScript
Isle of Man,139,0.001852123,185.21,75049,Python
Bahrain,1349,0.001827903,182.79,738004,All
Norway,9153,0.001827256,182.73,5009150,PHP
Sweden,17430,0.001824005,182.4,9555893,Java
Norway,9038,0.001804298,180.43,5009150,C++
United Kingdom,109437,0.001755248,175.52,62348447,PHP
Canada,59066,0.001753793,175.38,33679000,PHP
Moldova,7550,0.001746068,174.61,4324000,All
Slovenia,3469,0.00172845,172.85,2007000,JavaScript
Canada,57180,0.001697794,169.78,33679000,Ruby
United Kingdom,105170,0.00168681,168.68,62348447,Ruby
United States,516919,0.001666229,166.62,310232863,Java
United States,516215,0.00166396,166.4,310232863,PHP
Turkey,128144,0.001647008,164.7,77804122,All
Estonia,2107,0.001631853,163.19,1291170,Python
Sweden,15490,0.001620989,162.1,9555893,Ruby
Finland,8437,0.001608886,160.89,5244000,C++
Guadeloupe,706,0.001593679,159.37,443000,All
Costa Rica,7183,0.001590489,159.05,4516220,Python
Uruguay,5509,0.001584412,158.44,3477000,Ruby
Sweden,14953,0.001564794,156.48,9555893,C
France,100819,0.001556608,155.66,64768389,JavaScript
Czech Republic,16182,0.001544674,154.47,10476000,Java
New Zealand,6558,0.001542233,154.22,4252277,Shell
Costa Rica,6959,0.00154089,154.09,4516220,C
Costa Rica,6924,0.001533141,153.31,4516220,PHP
Canada,51481,0.001528579,152.86,33679000,Python
Finland,8009,0.001527269,152.73,5244000,C
United Arab Emirates,7443,0.001495902,149.59,4975593,All
Curacao,211,0.001488368,148.84,141766,Ruby
Slovakia,8048,0.001475344,147.53,5455000,C
Bulgaria,10359,0.001449057,144.91,7148785,JavaScript
Germany,118078,0.001443457,144.35,81802257,JavaScript
Denmark,7904,0.001441284,144.13,5484000,Java
Netherlands,23909,0.001436407,143.64,16645000,Python
Latvia,3170,0.001429235,142.92,2217969,Ruby
France,92517,0.001428428,142.84,64768389,PHP
Guernsey,92,0.001410437,141.04,65228,Ruby
Estonia,1821,0.001410349,141.03,1291170,Ruby
Grenada,147,0.001363409,136.34,107818,All
Czech Republic,13966,0.001333142,133.31,10476000,PHP
Czech Republic,13782,0.001315578,131.56,10476000,JavaScript
Australia,28106,0.001306299,130.63,21515754,PHP
Sweden,12469,0.001304849,130.48,9555893,C++
Czech Republic,13628,0.001300878,130.09,10476000,Ruby
Netherlands,21068,0.001265725,126.57,16645000,Ruby
Belarus,12188,0.001258441,125.84,9685000,Ruby
Philippines,122605,0.001227275,122.73,99900177,All
Switzerland,9276,0.001223585,122.36,7581000,Ruby
Denmark,6709,0.001223377,122.34,5484000,Python
Peru,36502,0.001220517,122.05,29907003,All
Japan,155237,0.001219573,121.96,127288000,C++
Netherlands,20164,0.001211415,121.14,16645000,Java
Saint Helena,9,0.001206434,120.64,7460,PHP
Curacao,171,0.001206213,120.62,141766,JavaScript
Finland,6323,0.001205759,120.58,5244000,PHP
Reunion,936,0.001204714,120.47,776948,All
Chile,19882,0.001187234,118.72,16746491,Python
Denmark,6473,0.001180343,118.03,5484000,C#
Canada,39594,0.001175629,117.56,33679000,Shell
United Kingdom,73196,0.001173983,117.4,62348447,Python
Denmark,6383,0.001163931,116.39,5484000,Ruby
Croatia,5207,0.00115943,115.94,4491000,Ruby
Jersey,104,0.001145223,114.52,90812,JavaScript
France,73029,0.001127541,112.75,64768389,Java
Finland,5855,0.001116514,111.65,5244000,Ruby
Taiwan,25523,0.001114815,111.48,22894384,JavaScript
Austria,9055,0.001103595,110.36,8205000,Ruby
Jersey,100,0.001101176,110.12,90812,Java
Norway,5515,0.001100985,110.1,5009150,C#
Bosnia and Herzegovina,5037,0.001097386,109.74,4590000,All
Canada,36728,0.001090531,109.05,33679000,Java
Croatia,4869,0.001084168,108.42,4491000,JavaScript
Uruguay,3723,0.001070751,107.08,3477000,JavaScript
Germany,86995,0.001063479,106.35,81802257,Ruby
Cayman Islands,47,0.001061667,106.17,44270,All
New Zealand,4514,0.001061549,106.15,4252277,Objective-C
Albania,3134,0.00104923,104.92,2986952,All
Australia,22340,0.001038309,103.83,21515754,Python
Lebanon,4280,0.001037514,103.75,4125247,All
Germany,84783,0.001036438,103.64,81802257,PHP
Germany,84706,0.001035497,103.55,81802257,Java
Sao Tome and Principe,181,0.001029532,102.95,175808,C
Austria,8446,0.001029372,102.94,8205000,Python
San Marino,32,0.001016615,101.66,31477,All
Belgium,10286,0.000988753,98.88,10403000,JavaScript
Barbados,282,0.000987212,98.72,285653,All
United States,302796,0.000976028,97.6,310232863,C
Uruguay,3371,0.000969514,96.95,3477000,Python
Montenegro,641,0.000961409,96.14,666730,JavaScript
Cuba,10955,0.00095903,95.9,11423000,Java
Czech Republic,10023,0.000956758,95.68,10476000,Python
Sri Lanka,20313,0.000944176,94.42,21513990,Java
China,1254713,0.000943362,94.34,1330044000,All
Swaziland,1268,0.000936449,93.64,1354051,All
United Kingdom,57495,0.000922156,92.22,62348447,Java
Belarus,8750,0.000903459,90.35,9685000,JavaScript
United States,278819,0.000898741,89.87,310232863,C++
Armenia,2652,0.000893531,89.35,2968000,JavaScript
Austria,7239,0.000882267,88.23,8205000,PHP
Australia,18923,0.000879495,87.95,21515754,Java
Isle of Man,66,0.000879425,87.94,75049,JavaScript
Netherlands,14589,0.000876479,87.65,16645000,C
Estonia,1128,0.000873626,87.36,1291170,C
Bulgaria,6191,0.000866021,86.6,7148785,Ruby
Netherlands,14361,0.000862782,86.28,16645000,C++
Cyprus,950,0.00086154,86.15,1102677,JavaScript
Greece,9370,0.000851818,85.18,11000000,Python
Hungary,8396,0.000841114,84.11,9982000,Java
Sweden,7996,0.000836761,83.68,9555893,PHP
Portugal,8901,0.000833739,83.37,10676000,Java
Liechtenstein,29,0.000828571,82.86,35000,Ruby
Latvia,1825,0.000822825,82.28,2217969,Python
Mexico,92428,0.00082181,82.18,112468855,All
France,52260,0.000806875,80.69,64768389,Python
El Salvador,4871,0.000804849,80.48,6052064,All
Greece,8775,0.000797727,79.77,11000000,JavaScript
Croatia,3564,0.000793587,79.36,4491000,PHP
Dominican Republic,7792,0.000793174,79.32,9823821,All
U.S. Virgin Islands,86,0.00079111,79.11,108708,All
Norway,3955,0.000789555,78.96,5009150,Shell
Germany,64571,0.000789355,78.94,81802257,Python
Lithuania,2712,0.000760729,76.07,3565000,Ruby
Belgium,7897,0.000759108,75.91,10403000,PHP
Switzerland,5633,0.000743042,74.3,7581000,Shell
Lithuania,2627,0.000736886,73.69,3565000,PHP
Chile,12254,0.000731735,73.17,16746491,Ruby
Iceland,225,0.000728367,72.84,308910,Ruby
Bulgaria,5167,0.00072278,72.28,7148785,PHP
Sao Tome and Principe,127,0.000722379,72.24,175808,Ruby
Isle of Man,54,0.00071953,71.95,75049,Java
Switzerland,5431,0.000716396,71.64,7581000,C++
Honduras,5668,0.000709439,70.94,7989415,All
Romania,15569,0.000708994,70.9,21959278,JavaScript
Portugal,7553,0.000707475,70.75,10676000,Python
Kazakhstan,10644,0.000693872,69.39,15340000,All
Ukraine,31483,0.00069322,69.32,45415596,JavaScript
Austria,5663,0.000690189,69.02,8205000,Objective-C
Liechtenstein,24,0.000685714,68.57,35000,JavaScript
Belarus,6573,0.000678678,67.87,9685000,Java
Chile,11048,0.00065972,65.97,16746491,JavaScript
Liechtenstein,23,0.000657143,65.71,35000,Java
Sweden,6254,0.000654465,65.45,9555893,Shell
United States,202617,0.000653113,65.31,310232863,Shell
Belgium,6756,0.000649428,64.94,10403000,Java
Hungary,6469,0.000648067,64.81,9982000,JavaScript
Qatar,541,0.000643338,64.33,840926,All
Brunei,253,0.000640463,64.05,395027,All
Austria,5148,0.000627422,62.74,8205000,C
New Zealand,2667,0.000627193,62.72,4252277,C#
Canada,21042,0.000624781,62.48,33679000,C
Mauritius,808,0.00062437,62.44,1294104,All
Panama,2126,0.000623337,62.33,3410676,All
Czech Republic,6518,0.000622184,62.22,10476000,C++
Ireland,2859,0.000618441,61.84,4622917,JavaScript
Mongolia,1906,0.000617444,61.74,3086918,All
Paraguay,3935,0.000617175,61.72,6375830,All
Switzerland,4649,0.000613244,61.32,7581000,C
Israel,4476,0.00060865,60.86,7353985,JavaScript
Finland,3190,0.000608314,60.83,5244000,Shell
Costa Rica,2736,0.000605816,60.58,4516220,Java
Lithuania,2152,0.000603647,60.36,3565000,JavaScript
Iceland,186,0.000602117,60.21,308910,Shell
Sweden,5753,0.000602037,60.2,9555893,C#
Ukraine,27337,0.00060193,60.19,45415596,Ruby
Liechtenstein,21,0.0006,60,35000,PHP
Iceland,185,0.00059888,59.89,308910,C#
Czech Republic,6228,0.000594502,59.45,10476000,C
Vietnam,53041,0.000592166,59.22,89571130,All
Dominica,43,0.000590554,59.06,72813,All
Belgium,6038,0.000580409,58.04,10403000,Ruby
Argentina,23239,0.0005621,56.21,41343201,JavaScript
Portugal,5998,0.000561821,56.18,10676000,C
Japan,70801,0.000556227,55.62,127288000,JavaScript
Croatia,2476,0.000551325,55.13,4491000,C++
Bolivia,5471,0.000549992,55,9947418,All
Iceland,169,0.000547085,54.71,308910,PHP
Slovenia,1094,0.000545092,54.51,2007000,PHP
Australia,11672,0.000542486,54.25,21515754,C#
France,34997,0.000540341,54.03,64768389,Ruby
Japan,68709,0.000539792,53.98,127288000,Ruby
Greece,5837,0.000530636,53.06,11000000,Java
Venezuela,14412,0.000529401,52.94,27223228,JavaScript
Georgia,2396,0.000517495,51.75,4630000,Ruby
Denmark,2818,0.000513858,51.39,5484000,C++
Belgium,5285,0.000508027,50.8,10403000,Python
Bulgaria,3617,0.00050596,50.6,7148785,C
Gibraltar,14,0.00050208,50.21,27884,PHP
Thailand,33535,0.000499855,49.99,67089500,All
United States,154823,0.000499054,49.91,310232863,Objective-C
Australia,10587,0.000492058,49.21,21515754,C
Guernsey,32,0.000490587,49.06,65228,JavaScript
Jordan,3131,0.000488678,48.87,6407085,All
Macao,219,0.000487536,48.75,449198,JavaScript
Kenya,19217,0.000479866,47.99,40046566,All
Ukraine,21783,0.000479637,47.96,45415596,PHP
Bulgaria,3418,0.000478123,47.81,7148785,Shell
Tuvalu,5,0.000477464,47.75,10472,PHP
Denmark,2613,0.000476477,47.65,5484000,C
Czech Republic,4985,0.00047585,47.58,10476000,Shell
New Caledonia,102,0.000471145,47.11,216494,JavaScript
Greece,5167,0.000469727,46.97,11000000,C
Portugal,5003,0.000468621,46.86,10676000,Ruby
Netherlands,7797,0.000468429,46.84,16645000,Shell
Hungary,4660,0.00046684,46.68,9982000,PHP
Australia,9886,0.000459477,45.95,21515754,Shell
Belize,143,0.000454658,45.47,314522,All
Latvia,1007,0.000454019,45.4,2217969,C
Serbia,3309,0.00045052,45.05,7344847,JavaScript
United States,138489,0.000446403,44.64,310232863,C#
Ecuador,6596,0.000445959,44.6,14790608,All
United Kingdom,27663,0.000443684,44.37,62348447,C
Slovenia,888,0.000442451,44.25,2007000,Shell
Bulgaria,3147,0.000440215,44.02,7148785,C#
Lithuania,1568,0.000439832,43.98,3565000,Python
Curacao,62,0.00043734,43.73,141766,Java
Germany,35768,0.00043725,43.72,81802257,C
Kyrgyzstan,2395,0.000434773,43.48,5508626,All
Sao Tome and Principe,76,0.00043229,43.23,175808,C++
Greece,4742,0.000431091,43.11,11000000,Ruby
Denmark,2356,0.000429613,42.96,5484000,Shell
Romania,9326,0.000424695,42.47,21959278,PHP
Ireland,1946,0.000420946,42.09,4622917,Java
Martinique,181,0.00041811,41.81,432900,All
Germany,34051,0.00041626,41.63,81802257,C++
Sao Tome and Principe,73,0.000415226,41.52,175808,PHP
Guyana,310,0.000414169,41.42,748486,All
Belarus,3978,0.000410738,41.07,9685000,C++
India,476283,0.000406001,40.6,1173108018,All
Belarus,3885,0.000401136,40.11,9685000,PHP
Belize,126,0.000400608,40.06,314522,Shell
Portugal,4266,0.000399588,39.96,10676000,PHP
Tunisia,4214,0.000397959,39.8,10589025,All
Slovakia,2163,0.000396517,39.65,5455000,Python
Lithuania,1412,0.000396073,39.61,3565000,Java
Colombia,17406,0.000393754,39.38,44205293,JavaScript
United Kingdom,24415,0.00039159,39.16,62348447,C++
Uruguay,1352,0.000388841,38.88,3477000,PHP
Slovenia,779,0.000388142,38.81,2007000,Ruby
Indonesia,93837,0.000386211,38.62,242968342,All
Rwanda,4253,0.000384679,38.47,11055976,All
Latvia,850,0.000383233,38.32,2217969,Java
Slovenia,759,0.000378176,37.82,2007000,C
Poland,14436,0.000374961,37.5,38500000,JavaScript
Liechtenstein,13,0.000371429,37.14,35000,C
Liechtenstein,13,0.000371429,37.14,35000,C++
Northern Mariana Islands,20,0.000371175,37.12,53883,All
Belarus,3588,0.00037047,37.05,9685000,Python
Australia,7905,0.000367405,36.74,21515754,C++
Belgium,3802,0.000365471,36.55,10403000,C++
Georgia,1686,0.000364147,36.41,4630000,Java
Cambodia,5261,0.00036399,36.4,14453680,All
Austria,2984,0.000363681,36.37,8205000,C#
Macedonia,749,0.000363416,36.34,2061000,JavaScript
France,23483,0.000362569,36.26,64768389,C
United Kingdom,22542,0.000361549,36.15,62348447,Shell
South Africa,17672,0.000360653,36.07,49000000,Python
Antigua and Barbuda,31,0.000357332,35.73,86754,All
Canada,11903,0.000353425,35.34,33679000,C#
Costa Rica,1593,0.000352729,35.27,4516220,Shell
Namibia,750,0.000352366,35.24,2128471,All
Slovakia,1921,0.000352154,35.22,5455000,C++
Malaysia,9938,0.00035148,35.15,28274729,PHP
Romania,7676,0.000349556,34.96,21959278,Java
Uruguay,1206,0.000346851,34.69,3477000,Java
Croatia,1557,0.000346693,34.67,4491000,Shell
Sweden,3313,0.000346697,34.67,9555893,Objective-C
Belarus,3313,0.000342075,34.21,9685000,C
Chile,5653,0.000337563,33.76,16746491,PHP
French Guiana,66,0.000337586,33.76,195506,All
Hungary,3369,0.000337508,33.75,9982000,Ruby
Lithuania,1182,0.000331557,33.16,3565000,C++
Argentina,13708,0.000331566,33.16,41343201,Ruby
Jersey,30,0.000330353,33.04,90812,Ruby
Ukraine,14974,0.000329711,32.97,45415596,Java
Iran,25305,0.000328964,32.9,76923300,All
Jamaica,933,0.000327687,32.77,2847232,JavaScript
Moldova,1417,0.000327706,32.77,4324000,PHP
Serbia,2396,0.000326215,32.62,7344847,Ruby
Benin,2938,0.000324425,32.44,9056010,All
Greece,3567,0.000324273,32.43,11000000,PHP
Romania,7055,0.000321277,32.13,21959278,Python
Malawi,4957,0.000320893,32.09,15447500,All
Costa Rica,1446,0.000320179,32.02,4516220,C++
Poland,12306,0.000319636,31.96,38500000,Ruby
Georgia,1475,0.000318575,31.86,4630000,JavaScript
Ukraine,14397,0.000317006,31.7,45415596,Python
Venezuela,8561,0.000314474,31.45,27223228,PHP
Iceland,97,0.000314007,31.4,308910,C
Austria,2571,0.000313346,31.33,8205000,C++
Bahamas,94,0.000311475,31.15,301790,Python
Germany,25270,0.000308916,30.89,81802257,Shell
Japan,39092,0.000307115,30.71,127288000,C
Guernsey,20,0.000306617,30.66,65228,PHP
Israel,2252,0.000306229,30.62,7353985,Python
South Korea,14771,0.000305043,30.5,48422644,JavaScript
Slovenia,611,0.000304434,30.44,2007000,C++
France,19670,0.000303698,30.37,64768389,C++
Kuwait,844,0.000302603,30.26,2789132,All
Russia,42216,0.000300038,30,140702000,JavaScript
Taiwan,6865,0.000299855,29.99,22894384,PHP
Estonia,385,0.000298179,29.82,1291170,Shell
Taiwan,6732,0.000294046,29.4,22894384,C++
Costa Rica,1327,0.00029383,29.38,4516220,Objective-C
Costa Rica,1310,0.000290066,29.01,4516220,C#
Taiwan,6578,0.000287319,28.73,22894384,Ruby
Gibraltar,8,0.000286903,28.69,27884,JavaScript
South Africa,14045,0.000286633,28.66,49000000,JavaScript
Bulgaria,2040,0.000285363,28.54,7148785,Python
Greenland,16,0.000283814,28.38,56375,All
Taiwan,6493,0.000283607,28.36,22894384,Python
Honduras,2249,0.000281497,28.15,7989415,JavaScript
Luxembourg,140,0.000281386,28.14,497538,Java
Colombia,12387,0.000280215,28.02,44205293,Ruby
Italy,16609,0.000275255,27.53,60340328,JavaScript
Ghana,6579,0.000270298,27.03,24339838,All
Slovenia,538,0.000268062,26.81,2007000,Objective-C
Spain,12450,0.000267708,26.77,46505963,JavaScript
Bulgaria,1907,0.000266759,26.68,7148785,Java
Italy,16077,0.000266439,26.64,60340328,Python
Poland,10186,0.000264571,26.46,38500000,Python
Macedonia,545,0.000264435,26.44,2061000,PHP
Guatemala,3574,0.000263755,26.38,13550440,All
Bosnia and Herzegovina,1208,0.000263181,26.32,4590000,Shell
Belgium,2733,0.000262713,26.27,10403000,C
Austria,2146,0.000261548,26.15,8205000,Shell
Croatia,1168,0.000260076,26.01,4491000,Python
Venezuela,7071,0.000259741,25.97,27223228,Ruby
Greece,2820,0.000256364,25.64,11000000,C++
France,16542,0.000255402,25.54,64768389,Shell
Russia,35781,0.000254303,25.43,140702000,Objective-C
Hungary,2529,0.000253356,25.34,9982000,C
Moldova,1093,0.000252775,25.28,4324000,Ruby
Latvia,556,0.00025068,25.07,2217969,C++
Portugal,2661,0.000249251,24.93,10676000,C++
Poland,9518,0.000247221,24.72,38500000,Java
Mayotte,39,0.000245218,24.52,159042,All
Jamaica,696,0.000244448,24.44,2847232,PHP
Saudi Arabia,6275,0.000243862,24.39,25731776,All
Russia,33895,0.000240899,24.09,140702000,Ruby
Nicaragua,1430,0.000238495,23.85,5995928,JavaScript
Slovakia,1298,0.000237947,23.79,5455000,JavaScript
Ireland,1095,0.000236863,23.69,4622917,C
Nepal,6778,0.000234113,23.41,28951852,All
Georgia,1082,0.000233693,23.37,4630000,PHP
Belarus,2239,0.000231182,23.12,9685000,C#
South Korea,11191,0.000231111,23.11,48422644,Java
Lithuania,813,0.00022805,22.81,3565000,Shell
Romania,4988,0.000227148,22.71,21959278,Ruby
Israel,1667,0.00022668,22.67,7353985,Java
Malaysia,6364,0.000225077,22.51,28274729,JavaScript
Slovakia,1217,0.000223098,22.31,5455000,Shell
Chile,3726,0.000222494,22.25,16746491,Shell
Ireland,1025,0.000221721,22.17,4622917,Python
Canada,7429,0.000220583,22.06,33679000,Objective-C
Sri Lanka,4736,0.000220136,22.01,21513990,PHP
Poland,8465,0.00021987,21.99,38500000,PHP
Hungary,2166,0.000216991,21.7,9982000,C++
Norway,1086,0.000216803,21.68,5009150,Objective-C
Madagascar,4595,0.000215912,21.59,21281844,All
Russia,29745,0.000211404,21.14,140702000,Python
Macedonia,434,0.000210577,21.06,2061000,Ruby
Cyprus,232,0.000210397,21.04,1102677,PHP
Azerbaijan,1725,0.000207743,20.77,8303512,All
Croatia,929,0.000206858,20.69,4491000,Java
United Kingdom,12896,0.000206838,20.68,62348447,Objective-C
Colombia,9073,0.000205247,20.52,44205293,Python
Moldova,886,0.000204903,20.49,4324000,JavaScript
Venezuela,5561,0.000204274,20.43,27223228,Python
Netherlands,3370,0.000202463,20.25,16645000,C#
Brunei,80,0.000202518,20.25,395027,Java
Syria,4436,0.000199837,19.98,22198110,All
Israel,1467,0.000199484,19.95,7353985,Ruby
Nicaragua,1186,0.000197801,19.78,5995928,Java
Estonia,253,0.000195946,19.59,1291170,C#
Chile,3277,0.000195683,19.57,16746491,Java
Bahamas,57,0.000188873,18.89,301790,Ruby
Portugal,2016,0.000188835,18.88,10676000,Shell
Estonia,242,0.000187427,18.74,1291170,Objective-C
Sint Maarten,7,0.000187021,18.7,37429,Shell
Belgium,1942,0.000186677,18.67,10403000,Shell
Greece,2052,0.000186545,18.65,11000000,Shell
Uganda,6184,0.000185157,18.52,33398682,All
Nicaragua,1103,0.000183958,18.4,5995928,Python
Italy,11089,0.000183774,18.38,60340328,Ruby
Jamaica,519,0.000182282,18.23,2847232,Python
Spain,8431,0.000181289,18.13,46505963,Ruby
Colombia,8003,0.000181042,18.1,44205293,PHP
Kyrgyzstan,995,0.000180626,18.06,5508626,Ruby
Finland,943,0.000179825,17.98,5244000,C#
Ukraine,8121,0.000178815,17.88,45415596,C++
Argentina,7340,0.000177538,17.75,41343201,Python
Japan,22577,0.000177369,17.74,127288000,PHP
Egypt,14263,0.000177242,17.72,80471869,All
Georgia,817,0.000176458,17.65,4630000,Python
Bulgaria,1241,0.000173596,17.36,7148785,C++
Argentina,7170,0.000173426,17.34,41343201,Java
South Korea,8376,0.000172977,17.3,48422644,Python
Italy,10376,0.000171958,17.2,60340328,PHP
United Arab Emirates,852,0.000171236,17.12,4975593,JavaScript
Argentina,7076,0.000171153,17.12,41343201,PHP
Slovakia,934,0.000171219,17.12,5455000,PHP
Denmark,934,0.000170314,17.03,5484000,Objective-C
Comoros,131,0.00016938,16.94,773407,All
Fiji,146,0.00016667,16.67,875983,All
Latvia,369,0.000166368,16.64,2217969,Shell
Poland,6390,0.000165974,16.6,38500000,C
Italy,9999,0.00016571,16.57,60340328,Java
Hungary,1636,0.000163895,16.39,9982000,Python
Rwanda,1788,0.000161722,16.17,11055976,Java
Qatar,135,0.000160537,16.05,840926,JavaScript
Belarus,1553,0.000160351,16.04,9685000,Shell
Japan,20290,0.000159402,15.94,127288000,Java
Mongolia,489,0.00015841,15.84,3086918,Ruby
Croatia,705,0.000156981,15.7,4491000,C
Uruguay,546,0.000157032,15.7,3477000,C
Ireland,726,0.000157044,15.7,4622917,Ruby
Germany,12738,0.000155717,15.57,81802257,Objective-C
Sri Lanka,3337,0.000155108,15.51,21513990,JavaScript
Jersey,14,0.000154165,15.42,90812,Shell
Portugal,1633,0.00015296,15.3,10676000,Objective-C
Jordan,977,0.000152487,15.25,6407085,JavaScript
Switzerland,1151,0.000151827,15.18,7581000,Objective-C
Serbia,1106,0.000150582,15.06,7344847,Java
South Africa,7363,0.000150265,15.03,49000000,PHP
Croatia,671,0.00014941,14.94,4491000,C#
Armenia,435,0.000146563,14.66,2968000,PHP
Russia,20629,0.000146615,14.66,140702000,PHP
Latvia,324,0.00014608,14.61,2217969,Objective-C
Israel,1071,0.000145635,14.56,7353985,C
Colombia,6416,0.000145141,14.51,44205293,C++
Hungary,1441,0.00014436,14.44,9982000,Shell
Malta,58,0.000143921,14.39,403000,Java
Australia,3089,0.000143569,14.36,21515754,Objective-C
Switzerland,1086,0.000143253,14.33,7581000,C#
Taiwan,3279,0.000143223,14.32,22894384,C
Finland,749,0.00014283,14.28,5244000,Objective-C
Senegal,1758,0.000142657,14.27,12323252,All
Russia,19918,0.000141562,14.16,140702000,C++
Macedonia,287,0.000139253,13.93,2061000,Python
Malta,56,0.000138958,13.9,403000,PHP
Lithuania,495,0.00013885,13.88,3565000,C#
Lithuania,493,0.000138289,13.83,3565000,C
Uruguay,480,0.00013805,13.81,3477000,Shell
Czech Republic,1427,0.000136216,13.62,10476000,C#
Botswana,276,0.000136007,13.6,2029307,All
Netherlands,2262,0.000135897,13.59,16645000,Objective-C
Bosnia and Herzegovina,621,0.000135294,13.53,4590000,Ruby
Czech Republic,1409,0.000134498,13.45,10476000,Objective-C
Kosovo,241,0.000133889,13.39,1800000,All
Sint Maarten,5,0.000133586,13.36,37429,Python
Cuba,1522,0.00013324,13.32,11423000,Ruby
Japan,16662,0.0001309,13.09,127288000,Python
Poland,5018,0.000130338,13.03,38500000,Shell
Ukraine,5896,0.000129823,12.98,45415596,C
Morocco,4104,0.000129761,12.98,31627428,All
South Africa,6333,0.000129245,12.92,49000000,Java
Russia,18055,0.000128321,12.83,140702000,Java
Kazakhstan,1960,0.000127771,12.78,15340000,PHP
Germany,10449,0.000127735,12.77,81802257,C#
Venezuela,3469,0.000127428,12.74,27223228,Java
Belarus,1189,0.000122767,12.28,9685000,Objective-C
Taiwan,2810,0.000122738,12.27,22894384,Shell
Colombia,5414,0.000122474,12.25,44205293,Java
Swaziland,165,0.000121857,12.19,1354051,Shell
Jersey,11,0.000121129,12.11,90812,C#
Belgium,1253,0.000120446,12.04,10403000,Objective-C
Chile,2012,0.000120145,12.01,16746491,C
Italy,7227,0.000119771,11.98,60340328,C
Ukraine,5386,0.000118594,11.86,45415596,C#
Italy,7124,0.000118064,11.81,60340328,C++
East Timor,136,0.000117787,11.78,1154625,All
Romania,2582,0.000117581,11.76,21959278,Shell
Spain,5463,0.000117469,11.75,46505963,Python
Bhutan,82,0.000117168,11.72,699847,JavaScript
Bhutan,82,0.000117168,11.72,699847,All
South Africa,5714,0.000116612,11.66,49000000,Ruby
Brunei,46,0.000116448,11.64,395027,Objective-C
Poland,4460,0.000115844,11.58,38500000,C++
Cuba,1311,0.000114768,11.48,11423000,Objective-C
Ukraine,5106,0.000112428,11.24,45415596,Shell
Luxembourg,55,0.000110544,11.05,497538,JavaScript
Brazil,21979,0.000109292,10.93,201103330,JavaScript
Macao,49,0.000109083,10.91,449198,Python
Cyprus,120,0.000108826,10.88,1102677,Python
Guadeloupe,48,0.000108352,10.84,443000,C++
Moldova,468,0.000108233,10.82,4324000,Python
Turkey,8235,0.000105843,10.58,77804122,JavaScript
Serbia,777,0.000105788,10.58,7344847,PHP
South Korea,5097,0.000105261,10.53,48422644,Ruby
Bangladesh,16298,0.000104395,10.44,156118464,All
Malta,42,0.000104218,10.42,403000,C++
Croatia,467,0.000103986,10.4,4491000,Objective-C
Faroe Islands,5,0.000103674,10.37,48228,C++
Lebanon,425,0.000103024,10.3,4125247,JavaScript
Belgium,1068,0.000102663,10.27,10403000,C#
Malta,41,0.000101737,10.17,403000,C#
Ecuador,1499,0.000101348,10.13,14790608,JavaScript
Macedonia,206,1.00E-04,10,2061000,Java
Cyprus,110,9.98E-05,9.98,1102677,C++
Japan,12677,9.96E-05,9.96,127288000,Shell
Albania,296,9.91E-05,9.91,2986952,PHP
Macedonia,204,9.90E-05,9.9,2061000,C++
Romania,2161,9.84E-05,9.84,21959278,C
Slovakia,530,9.72E-05,9.72,5455000,Java
Cuba,1108,9.70E-05,9.7,11423000,Python
Nicaragua,573,9.56E-05,9.56,5995928,Ruby
Serbia,697,9.49E-05,9.49,7344847,Python
Philippines,9403,9.41E-05,9.41,99900177,JavaScript
Macao,42,9.35E-05,9.35,449198,C
Uzbekistan,2604,9.34E-05,9.34,27865738,All
Ireland,429,9.28E-05,9.28,4622917,PHP
China,121798,9.16E-05,9.16,1330044000,JavaScript
Taiwan,2083,9.10E-05,9.1,22894384,Java
Slovakia,495,9.07E-05,9.07,5455000,C#
Tonga,11,8.97E-05,8.97,122580,Java
Spain,4159,8.94E-05,8.94,46505963,Java
Luxembourg,44,8.84E-05,8.84,497538,Python
Taiwan,2014,8.80E-05,8.8,22894384,Objective-C
Spain,4091,8.80E-05,8.8,46505963,PHP
Bosnia and Herzegovina,403,8.78E-05,8.78,4590000,JavaScript
Algeria,3038,8.78E-05,8.78,34586184,All
Kazakhstan,1341,8.74E-05,8.74,15340000,Ruby
South Korea,4199,8.67E-05,8.67,48422644,C
Russia,12198,8.67E-05,8.67,140702000,C
Turkey,6698,8.61E-05,8.61,77804122,Java
Mali,1182,8.57E-05,8.57,13796354,JavaScript
Singapore,401,8.53E-05,8.53,4701069,PHP
France,5418,8.37E-05,8.37,64768389,C#
East Timor,96,8.31E-05,8.31,1154625,Python
Kenya,3322,8.30E-05,8.3,40046566,JavaScript
Malaysia,2341,8.28E-05,8.28,28274729,Ruby
France,5290,8.17E-05,8.17,64768389,Objective-C
Romania,1776,8.09E-05,8.09,21959278,C++
Malaysia,2288,8.09E-05,8.09,28274729,Python
Sint Maarten,3,8.02E-05,8.02,37429,PHP
Isle of Man,6,7.99E-05,7.99,75049,Objective-C
Sao Tome and Principe,14,7.96E-05,7.96,175808,C#
Venezuela,2165,7.95E-05,7.95,27223228,Shell
South Korea,3846,7.94E-05,7.94,48422644,C++
Ukraine,3584,7.89E-05,7.89,45415596,Objective-C
Jamaica,224,7.87E-05,7.87,2847232,Java
Brazil,15783,7.85E-05,7.85,201103330,Ruby
Philippines,7800,7.81E-05,7.81,99900177,Ruby
South Africa,3814,7.78E-05,7.78,49000000,C
Chile,1303,7.78E-05,7.78,16746491,C++
Israel,571,7.76E-05,7.76,7353985,PHP
Chile,1282,7.66E-05,7.66,16746491,C#
Montenegro,51,7.65E-05,7.65,666730,Ruby
Serbia,560,7.62E-05,7.62,7344847,C++
Argentina,3141,7.60E-05,7.6,41343201,C
Sierra Leone,394,7.51E-05,7.51,5245695,All
Kenya,3002,7.50E-05,7.5,40046566,Python
Armenia,221,7.45E-05,7.45,2968000,Java
Hungary,741,7.42E-05,7.42,9982000,C#
Honduras,592,7.41E-05,7.41,7989415,Python
Gambia,115,7.22E-05,7.22,1593256,All
Malta,29,7.20E-05,7.2,403000,Ruby
Bahrain,53,7.18E-05,7.18,738004,Python
Mali,988,7.16E-05,7.16,13796354,Python
Azerbaijan,588,7.08E-05,7.08,8303512,Ruby
Cuba,807,7.06E-05,7.06,11423000,PHP
Ireland,323,6.99E-05,6.99,4622917,Shell
Lebanon,286,6.93E-05,6.93,4125247,Objective-C
Argentina,2856,6.91E-05,6.91,41343201,C++
Venezuela,1876,6.89E-05,6.89,27223228,C++
Israel,501,6.81E-05,6.81,7353985,Shell
Kazakhstan,1044,6.81E-05,6.81,15340000,JavaScript
Pakistan,12520,6.79E-05,6.79,184404791,All
Guadeloupe,30,6.77E-05,6.77,443000,Shell
Cameroon,1300,6.74E-05,6.74,19294149,All
Somalia,679,6.71E-05,6.71,10112453,All
Malaysia,1893,6.70E-05,6.7,28274729,Java
Serbia,489,6.66E-05,6.66,7344847,Objective-C
Kenya,2661,6.64E-05,6.64,40046566,PHP
Kuwait,184,6.60E-05,6.6,2789132,PHP
Jamaica,187,6.57E-05,6.57,2847232,Ruby
Moldova,283,6.54E-05,6.54,4324000,Shell
Bosnia and Herzegovina,297,6.47E-05,6.47,4590000,C++
Brazil,13012,6.47E-05,6.47,201103330,Java
Nicaragua,385,6.42E-05,6.42,5995928,PHP
Turkey,4998,6.42E-05,6.42,77804122,Python
Moldova,277,6.41E-05,6.41,4324000,Java
Venezuela,1735,6.37E-05,6.37,27223228,C
Serbia,468,6.37E-05,6.37,7344847,C
Cyprus,70,6.35E-05,6.35,1102677,Java
Liberia,234,6.35E-05,6.35,3685076,All
Cambodia,914,6.32E-05,6.32,14453680,PHP
Saint Lucia,10,6.21E-05,6.21,160922,JavaScript
Cyprus,68,6.17E-05,6.17,1102677,Shell
Cambodia,889,6.15E-05,6.15,14453680,Java
Japan,7711,6.06E-05,6.06,127288000,Objective-C
Slovakia,330,6.05E-05,6.05,5455000,Ruby
Luxembourg,30,6.03E-05,6.03,497538,Ruby
Armenia,178,6.00E-05,6,2968000,C++
Malta,24,5.96E-05,5.96,403000,JavaScript
Taiwan,1357,5.93E-05,5.93,22894384,C#
Burkina Faso,961,5.92E-05,5.92,16241811,All
Lebanon,244,5.91E-05,5.91,4125247,Python
Senegal,718,5.83E-05,5.83,12323252,Ruby
Italy,3513,5.82E-05,5.82,60340328,Shell
Portugal,616,5.77E-05,5.77,10676000,C#
Liechtenstein,2,5.71E-05,5.71,35000,Shell
Israel,418,5.68E-05,5.68,7353985,Objective-C
Suriname,28,5.68E-05,5.68,492829,All
Curacao,8,5.64E-05,5.64,141766,PHP
Cyprus,62,5.62E-05,5.62,1102677,Ruby
Venezuela,1527,5.61E-05,5.61,27223228,C#
Vietnam,4996,5.58E-05,5.58,89571130,Java
Kazakhstan,855,5.57E-05,5.57,15340000,Python
Chile,931,5.56E-05,5.56,16746491,Objective-C
French Polynesia,15,5.55E-05,5.55,270485,All
Philippines,5535,5.54E-05,5.54,99900177,Python
Peru,1642,5.49E-05,5.49,29907003,JavaScript
Malaysia,1544,5.46E-05,5.46,28274729,C
Lebanon,224,5.43E-05,5.43,4125247,PHP
Isle of Man,4,5.33E-05,5.33,75049,C++
Jordan,340,5.31E-05,5.31,6407085,Ruby
Malawi,817,5.29E-05,5.29,15447500,Ruby
Uganda,1762,5.28E-05,5.28,33398682,Python
Thailand,3537,5.27E-05,5.27,67089500,JavaScript
Gambia,84,5.27E-05,5.27,1593256,JavaScript
Panama,179,5.25E-05,5.25,3410676,Java
Slovenia,102,5.08E-05,5.08,2007000,C#
Spain,2362,5.08E-05,5.08,46505963,C++
Ireland,231,5.00E-05,5,4622917,C++
Brazil,10012,4.98E-05,4.98,201103330,Python
Iran,3817,4.96E-05,4.96,76923300,PHP
Montenegro,33,4.95E-05,4.95,666730,Java
Jamaica,141,4.95E-05,4.95,2847232,C++
El Salvador,299,4.94E-05,4.94,6052064,Python
Argentina,2040,4.93E-05,4.93,41343201,C#
Bulgaria,345,4.83E-05,4.83,7148785,Objective-C
Cuba,540,4.73E-05,4.73,11423000,C++
South Korea,2288,4.73E-05,4.73,48422644,Objective-C
United Arab Emirates,235,4.72E-05,4.72,4975593,Python
Cambodia,677,4.68E-05,4.68,14453680,JavaScript
Philippines,4673,4.68E-05,4.68,99900177,Objective-C
Vietnam,4192,4.68E-05,4.68,89571130,Ruby
Spain,2172,4.67E-05,4.67,46505963,C
Cuba,524,4.59E-05,4.59,11423000,Shell
Lebanon,189,4.58E-05,4.58,4125247,Ruby
Cyprus,50,4.53E-05,4.53,1102677,C#
Slovakia,247,4.53E-05,4.53,5455000,Objective-C
Cuba,516,4.52E-05,4.52,11423000,C
South Korea,2180,4.50E-05,4.5,48422644,PHP
Bosnia and Herzegovina,204,4.44E-05,4.44,4590000,C#
Cyprus,49,4.44E-05,4.44,1102677,C
Tajikistan,332,4.43E-05,4.43,7487489,All
Malaysia,1238,4.38E-05,4.38,28274729,C++
Puerto Rico,171,4.37E-05,4.37,3916632,JavaScript
Turkey,3352,4.31E-05,4.31,77804122,C++
Bahamas,13,4.31E-05,4.31,301790,JavaScript
Mexico,4835,4.30E-05,4.3,112468855,Java
Vietnam,3852,4.30E-05,4.3,89571130,JavaScript
Iran,3304,4.30E-05,4.3,76923300,JavaScript
Guadeloupe,19,4.29E-05,4.29,443000,JavaScript
Colombia,1892,4.28E-05,4.28,44205293,C
Romania,935,4.26E-05,4.26,21959278,C#
Israel,313,4.26E-05,4.26,7353985,C++
Cambodia,606,4.19E-05,4.19,14453680,Ruby
Kenya,1674,4.18E-05,4.18,40046566,Java
Russia,5797,4.12E-05,4.12,140702000,Shell
Dominica,3,4.12E-05,4.12,72813,JavaScript
Georgia,188,4.06E-05,4.06,4630000,Objective-C
Dominican Republic,399,4.06E-05,4.06,9823821,PHP
Philippines,4037,4.04E-05,4.04,99900177,PHP
Romania,876,3.99E-05,3.99,21959278,Objective-C
Bosnia and Herzegovina,183,3.99E-05,3.99,4590000,PHP
Benin,357,3.94E-05,3.94,9056010,JavaScript
Indonesia,9578,3.94E-05,3.94,242968342,PHP
Armenia,117,3.94E-05,3.94,2968000,Python
Argentina,1624,3.93E-05,3.93,41343201,Shell
Colombia,1723,3.90E-05,3.9,44205293,Shell
Malawi,601,3.89E-05,3.89,15447500,JavaScript
Thailand,2603,3.88E-05,3.88,67089500,Python
Moldova,165,3.82E-05,3.82,4324000,C
Kyrgyzstan,210,3.81E-05,3.81,5508626,JavaScript
Qatar,32,3.81E-05,3.81,840926,Objective-C
Uruguay,132,3.80E-05,3.8,3477000,C++
Georgia,175,3.78E-05,3.78,4630000,Shell
El Salvador,229,3.78E-05,3.78,6052064,JavaScript
Spain,1739,3.74E-05,3.74,46505963,Shell
Philippines,3724,3.73E-05,3.73,99900177,Java
South Africa,1807,3.69E-05,3.69,49000000,C++
Kosovo,66,3.67E-05,3.67,1800000,PHP
Poland,1401,3.64E-05,3.64,38500000,Objective-C
Indonesia,8727,3.59E-05,3.59,242968342,JavaScript
Iceland,11,3.56E-05,3.56,308910,C++
Thailand,2367,3.53E-05,3.53,67089500,Ruby
El Salvador,213,3.52E-05,3.52,6052064,Ruby
Honduras,280,3.50E-05,3.5,7989415,Ruby
Palestinian Territory,133,3.50E-05,3.5,3800000,All
India,40729,3.47E-05,3.47,1173108018,JavaScript
Brazil,6907,3.43E-05,3.43,201103330,PHP
Israel,249,3.39E-05,3.39,7353985,C#
Bolivia,336,3.38E-05,3.38,9947418,PHP
Liberia,124,3.36E-05,3.36,3685076,Ruby
China,44421,3.34E-05,3.34,1330044000,Ruby
South Korea,1601,3.31E-05,3.31,48422644,Shell
Armenia,98,3.30E-05,3.3,2968000,C
Brunei,13,3.29E-05,3.29,395027,Shell
Mexico,3694,3.28E-05,3.28,112468855,JavaScript
China,43292,3.25E-05,3.25,1330044000,Python
Rwanda,358,3.24E-05,3.24,11055976,JavaScript
Moldova,140,3.24E-05,3.24,4324000,Objective-C
Nicaragua,193,3.22E-05,3.22,5995928,C++
Sierra Leone,169,3.22E-05,3.22,5245695,JavaScript
Hungary,321,3.22E-05,3.22,9982000,Objective-C
Qatar,27,3.21E-05,3.21,840926,C++
Ecuador,473,3.20E-05,3.2,14790608,Ruby
Peru,953,3.19E-05,3.19,29907003,Ruby
Syria,707,3.18E-05,3.18,22198110,Ruby
Mauritius,41,3.17E-05,3.17,1294104,PHP
Italy,1872,3.10E-05,3.1,60340328,C#
Spain,1442,3.10E-05,3.1,46505963,Objective-C
Ghana,752,3.09E-05,3.09,24339838,Ruby
Qatar,26,3.09E-05,3.09,840926,Ruby
South Africa,1504,3.07E-05,3.07,49000000,C#
China,40611,3.05E-05,3.05,1330044000,Java
Namibia,64,3.01E-05,3.01,2128471,PHP
Ghana,724,2.97E-05,2.97,24339838,PHP
Turkey,2308,2.97E-05,2.97,77804122,PHP
Peru,878,2.94E-05,2.94,29907003,PHP
Papua New Guinea,178,2.94E-05,2.94,6064515,All
Guadeloupe,13,2.93E-05,2.93,443000,C
Spain,1338,2.88E-05,2.88,46505963,C#
Albania,86,2.88E-05,2.88,2986952,JavaScript
Ghana,698,2.87E-05,2.87,24339838,Java
Hong Kong,198,2.87E-05,2.87,6898686,Ruby
Ghana,696,2.86E-05,2.86,24339838,JavaScript
Italy,1720,2.85E-05,2.85,60340328,Objective-C
United Arab Emirates,141,2.83E-05,2.83,4975593,Ruby
Kyrgyzstan,154,2.80E-05,2.8,5508626,PHP
Mongolia,86,2.79E-05,2.79,3086918,JavaScript
South Africa,1354,2.76E-05,2.76,49000000,Shell
Serbia,203,2.76E-05,2.76,7344847,Shell
Puerto Rico,108,2.76E-05,2.76,3916632,Ruby
Dominica,2,2.75E-05,2.75,72813,C#
Jamaica,75,2.63E-05,2.63,2847232,Shell
Russia,3677,2.61E-05,2.61,140702000,C#
Nigeria,3981,2.59E-05,2.59,154000000,All
Ecuador,377,2.55E-05,2.55,14790608,Java
Vietnam,2281,2.55E-05,2.55,89571130,PHP
Kyrgyzstan,140,2.54E-05,2.54,5508626,Python
Kenya,1005,2.51E-05,2.51,40046566,Ruby
China,33099,2.49E-05,2.49,1330044000,C
Thailand,1672,2.49E-05,2.49,67089500,PHP
Mongolia,77,2.49E-05,2.49,3086918,Python
Azerbaijan,205,2.47E-05,2.47,8303512,JavaScript
Singapore,116,2.47E-05,2.47,4701069,Ruby
Botswana,50,2.46E-05,2.46,2029307,PHP
Tonga,3,2.45E-05,2.45,122580,JavaScript
Nepal,706,2.44E-05,2.44,28951852,Java
Turkey,1900,2.44E-05,2.44,77804122,Ruby
Luxembourg,12,2.41E-05,2.41,497538,PHP
Mauritius,31,2.40E-05,2.4,1294104,C++
Mexico,2693,2.39E-05,2.39,112468855,Ruby
Jordan,150,2.34E-05,2.34,6407085,C++
Nicaragua,139,2.32E-05,2.32,5995928,Shell
Bahamas,7,2.32E-05,2.32,301790,PHP
Brazil,4652,2.31E-05,2.31,201103330,C
Poland,881,2.29E-05,2.29,38500000,C#
Uruguay,79,2.27E-05,2.27,3477000,C#
Colombia,1002,2.27E-05,2.27,44205293,C#
Malta,9,2.23E-05,2.23,403000,Shell
Turkey,1737,2.23E-05,2.23,77804122,C#
Macao,10,2.23E-05,2.23,449198,Objective-C
Luxembourg,11,2.21E-05,2.21,497538,C++
Tunisia,233,2.20E-05,2.2,10589025,JavaScript
Jamaica,62,2.18E-05,2.18,2847232,C
Moldova,94,2.17E-05,2.17,4324000,C#
Eritrea,124,2.14E-05,2.14,5792984,All
Zambia,287,2.13E-05,2.13,13460305,All
Nepal,604,2.09E-05,2.09,28951852,PHP
Nicaragua,125,2.08E-05,2.08,5995928,C#
Malaysia,582,2.06E-05,2.06,28274729,Shell
India,24053,2.05E-05,2.05,1173108018,Python
Democratic Republic of the Congo,1451,2.05E-05,2.05,70916439,All
Macedonia,42,2.04E-05,2.04,2061000,Shell
Singapore,96,2.04E-05,2.04,4701069,JavaScript
India,23789,2.03E-05,2.03,1173108018,Ruby
Qatar,17,2.02E-05,2.02,840926,Java
China,26916,2.02E-05,2.02,1330044000,C++
Sierra Leone,106,2.02E-05,2.02,5245695,Ruby
Mongolia,62,2.01E-05,2.01,3086918,C++
Kosovo,36,2.00E-05,2,1800000,JavaScript
Azerbaijan,166,2.00E-05,2,8303512,Python
Hong Kong,137,1.99E-05,1.99,6898686,Python
Gambia,31,1.95E-05,1.95,1593256,Ruby
Malaysia,542,1.92E-05,1.92,28274729,Objective-C
Jordan,123,1.92E-05,1.92,6407085,PHP
Qatar,16,1.90E-05,1.9,840926,Python
India,21989,1.87E-05,1.87,1173108018,Java
South Korea,887,1.83E-05,1.83,48422644,C#
Nepal,521,1.80E-05,1.8,28951852,JavaScript
Saudi Arabia,462,1.80E-05,1.8,25731776,Python
Afghanistan,523,1.80E-05,1.8,29121286,All
Georgia,83,1.79E-05,1.79,4630000,C++
Argentina,742,1.79E-05,1.79,41343201,Objective-C
Mexico,2011,1.79E-05,1.79,112468855,PHP
Malaysia,502,1.78E-05,1.78,28274729,C#
Algeria,615,1.78E-05,1.78,34586184,Python
Greenland,1,1.77E-05,1.77,56375,PHP
Greece,194,1.76E-05,1.76,11000000,Objective-C
Lebanon,72,1.75E-05,1.75,4125247,Java
Honduras,140,1.75E-05,1.75,7989415,PHP
Namibia,37,1.74E-05,1.74,2128471,C
Lithuania,62,1.74E-05,1.74,3565000,Objective-C
Mexico,1956,1.74E-05,1.74,112468855,Python
Myanmar,932,1.74E-05,1.74,53414374,All
Zimbabwe,201,1.73E-05,1.73,11651858,All
China,22644,1.70E-05,1.7,1330044000,PHP
Brazil,3405,1.69E-05,1.69,201103330,Shell
Kyrgyzstan,93,1.69E-05,1.69,5508626,Objective-C
Indonesia,4077,1.68E-05,1.68,242968342,Java
Colombia,741,1.68E-05,1.68,44205293,Objective-C
United Arab Emirates,83,1.67E-05,1.67,4975593,Java
Mali,229,1.66E-05,1.66,13796354,Java
Singapore,78,1.66E-05,1.66,4701069,C
Cuba,188,1.65E-05,1.65,11423000,C#
Syria,366,1.65E-05,1.65,22198110,JavaScript
United Arab Emirates,81,1.63E-05,1.63,4975593,PHP
Cameroon,312,1.62E-05,1.62,19294149,JavaScript
Hong Kong,112,1.62E-05,1.62,6898686,JavaScript
Syria,359,1.62E-05,1.62,22198110,PHP
Macedonia,33,1.60E-05,1.6,2061000,C
Mongolia,49,1.59E-05,1.59,3086918,Java
Bolivia,158,1.59E-05,1.59,9947418,JavaScript
Ecuador,234,1.58E-05,1.58,14790608,Python
Nicaragua,94,1.57E-05,1.57,5995928,C
Rwanda,172,1.56E-05,1.56,11055976,Python
Turkmenistan,77,1.56E-05,1.56,4940916,All
Brazil,3084,1.53E-05,1.53,201103330,C++
Thailand,1028,1.53E-05,1.53,67089500,C++
Uzbekistan,426,1.53E-05,1.53,27865738,JavaScript
Angola,200,1.53E-05,1.53,13068161,All
Hong Kong,105,1.52E-05,1.52,6898686,Shell
Egypt,1223,1.52E-05,1.52,80471869,Python
Montenegro,10,1.50E-05,1.5,666730,PHP
Tanzania,630,1.50E-05,1.5,41892895,All
Honduras,118,1.48E-05,1.48,7989415,C++
Bosnia and Herzegovina,68,1.48E-05,1.48,4590000,Python
Bangladesh,2283,1.46E-05,1.46,156118464,JavaScript
Indonesia,3553,1.46E-05,1.46,242968342,Python
Namibia,31,1.46E-05,1.46,2128471,Python
Dominican Republic,142,1.45E-05,1.45,9823821,JavaScript
Egypt,1168,1.45E-05,1.45,80471869,Ruby
Honduras,115,1.44E-05,1.44,7989415,Java
Bhutan,10,1.43E-05,1.43,699847,PHP
Lebanon,58,1.41E-05,1.41,4125247,C++
Swaziland,19,1.40E-05,1.4,1354051,JavaScript
Philippines,1387,1.39E-05,1.39,99900177,Shell
East Timor,16,1.39E-05,1.39,1154625,PHP
Turkey,1071,1.38E-05,1.38,77804122,C
Tunisia,144,1.36E-05,1.36,10589025,Ruby
United Arab Emirates,67,1.35E-05,1.35,4975593,C
Republic of the Congo,41,1.35E-05,1.35,3039126,All
United Arab Emirates,66,1.33E-05,1.33,4975593,Shell
Botswana,27,1.33E-05,1.33,2029307,Shell
Swaziland,18,1.33E-05,1.33,1354051,C
Georgia,61,1.32E-05,1.32,4630000,C
Somalia,133,1.32E-05,1.32,10112453,JavaScript
Bosnia and Herzegovina,60,1.31E-05,1.31,4590000,Java
Qatar,11,1.31E-05,1.31,840926,PHP
Bolivia,129,1.30E-05,1.3,9947418,C#
Philippines,1297,1.30E-05,1.3,99900177,C++
Moldova,56,1.30E-05,1.3,4324000,C++
Zimbabwe,152,1.30E-05,1.3,11651858,PHP
Syria,287,1.29E-05,1.29,22198110,C++
Pakistan,2340,1.27E-05,1.27,184404791,JavaScript
India,14728,1.26E-05,1.26,1173108018,PHP
Ecuador,184,1.24E-05,1.24,14790608,C++
Mauritius,16,1.24E-05,1.24,1294104,JavaScript
Bangladesh,1942,1.24E-05,1.24,156118464,PHP
Jordan,79,1.23E-05,1.23,6407085,Python
Thailand,817,1.22E-05,1.22,67089500,Java
Namibia,26,1.22E-05,1.22,2128471,JavaScript
Yemen,282,1.20E-05,1.2,23495361,All
Guatemala,158,1.17E-05,1.17,13550440,Ruby
Kazakhstan,178,1.16E-05,1.16,15340000,Java
Bolivia,115,1.16E-05,1.16,9947418,Python
Libya,75,1.16E-05,1.16,6461454,All
Kazakhstan,177,1.15E-05,1.15,15340000,C++
Bolivia,113,1.14E-05,1.14,9947418,Java
Peru,341,1.14E-05,1.14,29907003,Java
Cameroon,218,1.13E-05,1.13,19294149,PHP
Egypt,901,1.12E-05,1.12,80471869,JavaScript
Sierra Leone,59,1.12E-05,1.12,5245695,PHP
Peru,335,1.12E-05,1.12,29907003,Python
Cambodia,160,1.11E-05,1.11,14453680,Objective-C
Vietnam,983,1.10E-05,1.1,89571130,Python
Ethiopia,966,1.10E-05,1.1,88013491,All
Hong Kong,75,1.09E-05,1.09,6898686,C++
Georgia,50,1.08E-05,1.08,4630000,C#
Guyana,8,1.07E-05,1.07,748486,PHP
Liberia,39,1.06E-05,1.06,3685076,JavaScript
East Timor,12,1.04E-05,1.04,1154625,Java
East Timor,12,1.04E-05,1.04,1154625,Shell
Kenya,418,1.04E-05,1.04,40046566,C
Ghana,248,1.02E-05,1.02,24339838,Python
Azerbaijan,84,1.01E-05,1.01,8303512,Java
Uganda,337,1.01E-05,1.01,33398682,Ruby
China,13303,1.00E-05,1,1330044000,Shell
Uzbekistan,277,9.94E-06,0.99,27865738,C
Malta,4,9.93E-06,0.99,403000,Objective-C
Sri Lanka,213,9.90E-06,0.99,21513990,Ruby
Kenya,392,9.79E-06,0.98,40046566,Shell
Tunisia,101,9.54E-06,0.95,10589025,PHP
Guyana,7,9.35E-06,0.94,748486,C++
Venezuela,255,9.37E-06,0.94,27223228,Objective-C
Dominican Republic,92,9.36E-06,0.94,9823821,Ruby
Mauritius,12,9.27E-06,0.93,1294104,Python
Thailand,612,9.12E-06,0.91,67089500,Shell
Armenia,27,9.10E-06,0.91,2968000,C#
India,10625,9.06E-06,0.91,1173108018,C
Mexico,1024,9.10E-06,0.91,112468855,C
Mali,125,9.06E-06,0.91,13796354,C++
Nepal,264,9.12E-06,0.91,28951852,Ruby
Guadeloupe,4,9.03E-06,0.9,443000,Python
Eritrea,51,8.80E-06,0.88,5792984,Python
Ecuador,129,8.72E-06,0.87,14790608,C
Puerto Rico,34,8.68E-06,0.87,3916632,PHP
China,11446,8.61E-06,0.86,1330044000,Objective-C
Nepal,245,8.46E-06,0.85,28951852,C++
Pakistan,1557,8.44E-06,0.84,184404791,Java
Dominican Republic,83,8.45E-06,0.84,9823821,Java
Bangladesh,1311,8.40E-06,0.84,156118464,Ruby
Kosovo,15,8.33E-06,0.83,1800000,Python
Cameroon,159,8.24E-06,0.82,19294149,Java
Macedonia,17,8.25E-06,0.82,2061000,Objective-C
Iran,632,8.22E-06,0.82,76923300,Ruby
Zambia,110,8.17E-06,0.82,13460305,Ruby
Bahrain,6,8.13E-06,0.81,738004,JavaScript
Honduras,64,8.01E-06,0.8,7989415,Shell
Cape Verde,4,7.86E-06,0.79,508659,C
Thailand,532,7.93E-06,0.79,67089500,Objective-C
Puerto Rico,31,7.91E-06,0.79,3916632,Python
South Africa,383,7.82E-06,0.78,49000000,Objective-C
Uruguay,27,7.77E-06,0.78,3477000,Objective-C
El Salvador,47,7.77E-06,0.78,6052064,PHP
Sri Lanka,168,7.81E-06,0.78,21513990,Python
Saudi Arabia,197,7.66E-06,0.77,25731776,JavaScript
Kazakhstan,117,7.63E-06,0.76,15340000,C
Turkey,581,7.47E-06,0.75,77804122,Shell
Vietnam,665,7.42E-06,0.74,89571130,Shell
Liberia,26,7.06E-06,0.71,3685076,Shell
Qatar,6,7.13E-06,0.71,840926,Shell
Paraguay,45,7.06E-06,0.71,6375830,PHP
Iran,530,6.89E-06,0.69,76923300,Java
Cambodia,100,6.92E-06,0.69,14453680,Shell
Ireland,32,6.92E-06,0.69,4622917,C#
El Salvador,41,6.77E-06,0.68,6052064,Java
Fiji,6,6.85E-06,0.68,875983,JavaScript
Mongolia,21,6.80E-06,0.68,3086918,PHP
Indonesia,1658,6.82E-06,0.68,242968342,Ruby
Bolivia,67,6.74E-06,0.67,9947418,Shell
Philippines,671,6.72E-06,0.67,99900177,C
Azerbaijan,56,6.74E-06,0.67,8303512,C++
Paraguay,43,6.74E-06,0.67,6375830,JavaScript
Hong Kong,46,6.67E-06,0.67,6898686,Objective-C
Ecuador,99,6.69E-06,0.67,14790608,PHP
Syria,146,6.58E-06,0.66,22198110,C
Morocco,208,6.58E-06,0.66,31627428,PHP
Bolivia,65,6.53E-06,0.65,9947418,C++
Turkey,508,6.53E-06,0.65,77804122,Objective-C
Vietnam,577,6.44E-06,0.64,89571130,C++
Iran,493,6.41E-06,0.64,76923300,C++
Bolivia,64,6.43E-06,0.64,9947418,Ruby
Lebanon,26,6.30E-06,0.63,4125247,C
Mauritius,8,6.18E-06,0.62,1294104,Java
Sri Lanka,134,6.23E-06,0.62,21513990,C++
Mauritius,8,6.18E-06,0.62,1294104,Objective-C
Bosnia and Herzegovina,28,6.10E-06,0.61,4590000,C
Kyrgyzstan,33,5.99E-06,0.6,5508626,Java
Luxembourg,3,6.03E-06,0.6,497538,Shell
Uganda,199,5.96E-06,0.6,33398682,JavaScript
Uzbekistan,167,5.99E-06,0.6,27865738,Ruby
Zambia,80,5.94E-06,0.59,13460305,C
Cape Verde,3,5.90E-06,0.59,508659,JavaScript
Ecuador,86,5.81E-06,0.58,14790608,C#
Senegal,72,5.84E-06,0.58,12323252,PHP
Bangladesh,894,5.73E-06,0.57,156118464,Java
Vietnam,514,5.74E-06,0.57,89571130,C
Jamaica,16,5.62E-06,0.56,2847232,C#
Namibia,12,5.64E-06,0.56,2128471,C++
Senegal,69,5.60E-06,0.56,12323252,JavaScript
Rwanda,62,5.61E-06,0.56,11055976,Ruby
Saudi Arabia,142,5.52E-06,0.55,25731776,C
Ethiopia,472,5.36E-06,0.54,88013491,PHP
Bahrain,4,5.42E-06,0.54,738004,PHP
Iran,412,5.36E-06,0.54,76923300,Python
Mexico,598,5.32E-06,0.53,112468855,Shell
Kyrgyzstan,29,5.26E-06,0.53,5508626,C++
Guatemala,72,5.31E-06,0.53,13550440,JavaScript
Uzbekistan,149,5.35E-06,0.53,27865738,PHP
Guyana,4,5.34E-06,0.53,748486,Ruby
Mongolia,16,5.18E-06,0.52,3086918,C#
Brazil,1016,5.05E-06,0.51,201103330,C#
Thailand,345,5.14E-06,0.51,67089500,C
Pakistan,938,5.09E-06,0.51,184404791,Ruby
Pakistan,913,4.95E-06,0.5,184404791,C++
Afghanistan,147,5.05E-06,0.5,29121286,Ruby
Azerbaijan,40,4.82E-06,0.48,8303512,Shell
Ecuador,71,4.80E-06,0.48,14790608,Shell
United Arab Emirates,24,4.82E-06,0.48,4975593,C#
China,6438,4.84E-06,0.48,1330044000,C#
Syria,104,4.69E-06,0.47,22198110,Java
Singapore,22,4.68E-06,0.47,4701069,Shell
Bangladesh,735,4.71E-06,0.47,156118464,C++
Puerto Rico,18,4.60E-06,0.46,3916632,Java
Nigeria,702,4.56E-06,0.46,154000000,JavaScript
Saudi Arabia,116,4.51E-06,0.45,25731776,C#
Singapore,21,4.47E-06,0.45,4701069,C++
Myanmar,239,4.47E-06,0.45,53414374,JavaScript
Cyprus,5,4.53E-06,0.45,1102677,Objective-C
Ireland,21,4.54E-06,0.45,4622917,Objective-C
Montenegro,3,4.50E-06,0.45,666730,Python
Kosovo,8,4.44E-06,0.44,1800000,Shell
India,5132,4.37E-06,0.44,1173108018,C++
Egypt,351,4.36E-06,0.44,80471869,PHP
Oman,13,4.38E-06,0.44,2967717,All
Saudi Arabia,110,4.27E-06,0.43,25731776,PHP
Tunisia,45,4.25E-06,0.42,10589025,Python
Paraguay,26,4.08E-06,0.41,6375830,Java
Guyana,3,4.01E-06,0.4,748486,Java
Egypt,322,4.00E-06,0.4,80471869,Java
Peru,120,4.01E-06,0.4,29907003,C#
Guyana,3,4.01E-06,0.4,748486,C
Morocco,128,4.05E-06,0.4,31627428,JavaScript
Kosovo,7,3.89E-06,0.39,1800000,Java
Palestinian Territory,15,3.95E-06,0.39,3800000,JavaScript
Guatemala,51,3.76E-06,0.38,13550440,Java
Mexico,424,3.77E-06,0.38,112468855,C++
United Arab Emirates,19,3.82E-06,0.38,4975593,Objective-C
Ecuador,56,3.79E-06,0.38,14790608,Objective-C
Ivory Coast,79,3.75E-06,0.38,21058798,All
Sri Lanka,79,3.67E-06,0.37,21513990,Shell
Pakistan,675,3.66E-06,0.37,184404791,PHP
French Polynesia,1,3.70E-06,0.37,270485,Python
Saudi Arabia,94,3.65E-06,0.37,25731776,Ruby
Indonesia,863,3.55E-06,0.36,242968342,C
Kuwait,10,3.59E-06,0.36,2789132,JavaScript
Egypt,283,3.52E-06,0.35,80471869,C
Bangladesh,553,3.54E-06,0.35,156118464,Python
Nepal,100,3.45E-06,0.35,28951852,Python
Nigeria,541,3.51E-06,0.35,154000000,Ruby
Oman,10,3.37E-06,0.34,2967717,Java
Fiji,3,3.42E-06,0.34,875983,Java
Senegal,42,3.41E-06,0.34,12323252,Java
Kyrgyzstan,19,3.45E-06,0.34,5508626,Shell
Turkmenistan,17,3.44E-06,0.34,4940916,JavaScript
Cambodia,48,3.32E-06,0.33,14453680,C
Bahamas,1,3.31E-06,0.33,301790,C++
Nigeria,511,3.32E-06,0.33,154000000,PHP
Tunisia,34,3.21E-06,0.32,10589025,Java
Palestinian Territory,12,3.16E-06,0.32,3800000,PHP
Iraq,96,3.24E-06,0.32,29671605,All
Kazakhstan,48,3.13E-06,0.31,15340000,Shell
Uzbekistan,85,3.05E-06,0.31,27865738,C#
India,3470,2.96E-06,0.3,1173108018,Shell
Vietnam,265,2.96E-06,0.3,89571130,C#
Indonesia,725,2.98E-06,0.3,242968342,C++
Brazil,596,2.96E-06,0.3,201103330,Objective-C
Dominican Republic,29,2.95E-06,0.3,9823821,Python
Myanmar,161,3.01E-06,0.3,53414374,Ruby
Indonesia,704,2.90E-06,0.29,242968342,C#
Kazakhstan,45,2.93E-06,0.29,15340000,Objective-C
Panama,10,2.93E-06,0.29,3410676,PHP
Mozambique,65,2.95E-06,0.29,22061451,All
Morocco,88,2.78E-06,0.28,31627428,Java
Rwanda,30,2.71E-06,0.27,11055976,PHP
Pakistan,501,2.72E-06,0.27,184404791,Python
Hong Kong,18,2.61E-06,0.26,6898686,C
Honduras,21,2.63E-06,0.26,7989415,C
Algeria,91,2.63E-06,0.26,34586184,C++
East Timor,3,2.60E-06,0.26,1154625,JavaScript
Vietnam,234,2.61E-06,0.26,89571130,Objective-C
Singapore,12,2.55E-06,0.26,4701069,Objective-C
Myanmar,139,2.60E-06,0.26,53414374,PHP
Palestinian Territory,10,2.63E-06,0.26,3800000,Ruby
Botswana,5,2.46E-06,0.25,2029307,Java
Malta,1,2.48E-06,0.25,403000,C
Tajikistan,19,2.54E-06,0.25,7487489,C++
Uzbekistan,70,2.51E-06,0.25,27865738,C++
Algeria,87,2.52E-06,0.25,34586184,JavaScript
Maldives,1,2.53E-06,0.25,395650,PHP
Mali,34,2.46E-06,0.25,13796354,Ruby
Liberia,9,2.44E-06,0.24,3685076,Java
Namibia,5,2.35E-06,0.23,2128471,Java
Indonesia,563,2.32E-06,0.23,242968342,Shell
Panama,8,2.35E-06,0.23,3410676,JavaScript
Puerto Rico,9,2.30E-06,0.23,3916632,Objective-C
Mauritius,3,2.32E-06,0.23,1294104,Ruby
Uganda,72,2.16E-06,0.22,33398682,Java
Jordan,14,2.19E-06,0.22,6407085,Shell
United Arab Emirates,11,2.21E-06,0.22,4975593,C++
Guatemala,30,2.21E-06,0.22,13550440,PHP
Libya,14,2.17E-06,0.22,6461454,PHP
Hong Kong,15,2.17E-06,0.22,6898686,PHP
Kosovo,4,2.22E-06,0.22,1800000,Ruby
Zimbabwe,24,2.06E-06,0.21,11651858,C#
Jamaica,6,2.11E-06,0.21,2847232,Objective-C
Haiti,20,2.07E-06,0.21,9648924,All
Burundi,21,2.13E-06,0.21,9863117,All
Cape Verde,1,1.97E-06,0.2,508659,Java
Albania,6,2.01E-06,0.2,2986952,C
Sri Lanka,43,2.00E-06,0.2,21513990,C
Senegal,25,2.03E-06,0.2,12323252,Python
Chad,21,1.99E-06,0.2,10543464,All
Uganda,63,1.89E-06,0.19,33398682,PHP
Cameroon,35,1.81E-06,0.18,19294149,C#
Peru,54,1.81E-06,0.18,29907003,C++
Mexico,201,1.79E-06,0.18,112468855,Objective-C
Yemen,43,1.83E-06,0.18,23495361,PHP
Singapore,8,1.70E-06,0.17,4701069,Java
Armenia,5,1.68E-06,0.17,2968000,Shell
Guatemala,23,1.70E-06,0.17,13550440,C#
Pakistan,317,1.72E-06,0.17,184404791,Objective-C
Azerbaijan,14,1.69E-06,0.17,8303512,PHP
Somalia,16,1.58E-06,0.16,10112453,Shell
Ghana,39,1.60E-06,0.16,24339838,C#
Jordan,10,1.56E-06,0.16,6407085,C
Kyrgyzstan,9,1.63E-06,0.16,5508626,C
Peru,47,1.57E-06,0.16,29907003,Objective-C
Uzbekistan,44,1.58E-06,0.16,27865738,Python
Syria,35,1.58E-06,0.16,22198110,Python
Ghana,37,1.52E-06,0.15,24339838,C
Montenegro,1,1.50E-06,0.15,666730,C
Bangladesh,230,1.47E-06,0.15,156118464,C
Tunisia,16,1.51E-06,0.15,10589025,C
Swaziland,2,1.48E-06,0.15,1354051,Python
Jordan,9,1.40E-06,0.14,6407085,Java
Malawi,21,1.36E-06,0.14,15447500,Java
Madagascar,30,1.41E-06,0.14,21281844,JavaScript
Liberia,5,1.36E-06,0.14,3685076,Python
Paraguay,9,1.41E-06,0.14,6375830,Ruby
Comoros,1,1.29E-06,0.13,773407,Java
Gambia,2,1.26E-06,0.13,1593256,C
Ethiopia,111,1.26E-06,0.13,88013491,JavaScript
Tajikistan,10,1.34E-06,0.13,7487489,PHP
Guatemala,18,1.33E-06,0.13,13550440,Python
Benin,12,1.33E-06,0.13,9056010,Python
Tajikistan,10,1.34E-06,0.13,7487489,Ruby
Serbia and Montenegro,14,1.29E-06,0.13,10829175,All
Saudi Arabia,30,1.17E-06,0.12,25731776,Java
Iran,89,1.16E-06,0.12,76923300,Shell
Tunisia,13,1.23E-06,0.12,10589025,Shell
Madagascar,26,1.22E-06,0.12,21281844,Shell
India,1431,1.22E-06,0.12,1173108018,C#
Iran,93,1.21E-06,0.12,76923300,C#
Lebanon,5,1.21E-06,0.12,4125247,C#
India,1359,1.16E-06,0.12,1173108018,Objective-C
Bangladesh,181,1.16E-06,0.12,156118464,Objective-C
Nicaragua,7,1.17E-06,0.12,5995928,Objective-C
Morocco,38,1.20E-06,0.12,31627428,Python
Madagascar,24,1.13E-06,0.11,21281844,Java
Bangladesh,168,1.08E-06,0.11,156118464,Shell
Kenya,44,1.10E-06,0.11,40046566,C++
Egypt,86,1.07E-06,0.11,80471869,C++
Malawi,17,1.10E-06,0.11,15447500,PHP
Puerto Rico,4,1.02E-06,0.1,3916632,Shell
Rwanda,11,9.95E-07,0.1,11055976,Shell
Dominican Republic,10,1.02E-06,0.1,9823821,C
Madagascar,22,1.03E-06,0.1,21281844,C
Tanzania,43,1.03E-06,0.1,41892895,JavaScript
Zambia,14,1.04E-06,0.1,13460305,JavaScript
Benin,9,9.94E-07,0.1,9056010,PHP
Zambia,13,9.66E-07,0.1,13460305,PHP
Armenia,3,1.01E-06,0.1,2968000,Ruby
Saudi Arabia,22,8.55E-07,0.09,25731776,Shell
Dominican Republic,9,9.16E-07,0.09,9823821,Shell
Tanzania,38,9.07E-07,0.09,41892895,Ruby
Uganda,28,8.38E-07,0.08,33398682,Shell
Egypt,63,7.83E-07,0.08,80471869,Shell
Pakistan,150,8.13E-07,0.08,184404791,C#
Saudi Arabia,21,8.16E-07,0.08,25731776,C++
Paraguay,5,7.84E-07,0.08,6375830,C++
Angola,11,8.42E-07,0.08,13068161,JavaScript
Egypt,67,8.33E-07,0.08,80471869,Objective-C
Afghanistan,24,8.24E-07,0.08,29121286,PHP
Nigeria,118,7.66E-07,0.08,154000000,Python
Zimbabwe,9,7.72E-07,0.08,11651858,Python
Afghanistan,20,6.87E-07,0.07,29121286,Java
Ghana,16,6.57E-07,0.07,24339838,Shell
Kuwait,2,7.17E-07,0.07,2789132,C#
Thailand,47,7.01E-07,0.07,67089500,C#
Oman,2,6.74E-07,0.07,2967717,C
Iran,55,7.15E-07,0.07,76923300,C
Iran,56,7.28E-07,0.07,76923300,Objective-C
Oman,2,6.74E-07,0.07,2967717,PHP
Albania,2,6.70E-07,0.07,2986952,Python
Cameroon,13,6.74E-07,0.07,19294149,Ruby
Angola,9,6.89E-07,0.07,13068161,Ruby
Morocco,21,6.64E-07,0.07,31627428,Ruby
Nigeria,86,5.58E-07,0.06,154000000,Java
Uzbekistan,17,6.10E-07,0.06,27865738,Java
Kosovo,1,5.56E-07,0.06,1800000,C
Uganda,19,5.69E-07,0.06,33398682,C
Cambodia,9,6.23E-07,0.06,14453680,C++
Ghana,14,5.75E-07,0.06,24339838,C++
Somalia,6,5.93E-07,0.06,10112453,PHP
Gambia,1,6.28E-07,0.06,1593256,PHP
Benin,5,5.52E-07,0.06,9056010,Ruby
Sudan,20,5.71E-07,0.06,35000000,All
Algeria,16,4.63E-07,0.05,34586184,Java
Myanmar,26,4.87E-07,0.05,53414374,Java
Pakistan,84,4.56E-07,0.05,184404791,Shell
Bangladesh,73,4.68E-07,0.05,156118464,C#
Eritrea,3,5.18E-07,0.05,5792984,JavaScript
Madagascar,10,4.70E-07,0.05,21281844,PHP
Hong Kong,3,4.35E-07,0.04,6898686,Java
Tanzania,15,3.58E-07,0.04,41892895,Shell
Kenya,16,4.00E-07,0.04,40046566,C#
Nepal,13,4.49E-07,0.04,28951852,C#
Tunisia,4,3.78E-07,0.04,10589025,C++
Tajikistan,3,4.01E-07,0.04,7487489,JavaScript
Indonesia,101,4.16E-07,0.04,242968342,Objective-C
Nepal,12,4.14E-07,0.04,28951852,Objective-C
Honduras,3,3.75E-07,0.04,7989415,Objective-C
Madagascar,8,3.76E-07,0.04,21281844,Python
Democratic Republic of the Congo,30,4.23E-07,0.04,70916439,Ruby
Benin,3,3.31E-07,0.03,9056010,Java
Zimbabwe,4,3.43E-07,0.03,11651858,Java
Oman,1,3.37E-07,0.03,2967717,Shell
Peru,10,3.34E-07,0.03,29907003,Shell
Malawi,5,3.24E-07,0.03,15447500,Shell
Nigeria,40,2.60E-07,0.03,154000000,Shell
Algeria,10,2.89E-07,0.03,34586184,Shell
Nepal,9,3.11E-07,0.03,28951852,Shell
Syria,6,2.70E-07,0.03,22198110,Shell
Algeria,10,2.89E-07,0.03,34586184,C#
Pakistan,49,2.66E-07,0.03,184404791,C
Peru,10,3.34E-07,0.03,29907003,C
Tanzania,12,2.86E-07,0.03,41892895,C++
Oman,1,3.37E-07,0.03,2967717,JavaScript
Libya,2,3.10E-07,0.03,6461454,JavaScript
Zimbabwe,4,3.43E-07,0.03,11651858,JavaScript
Bolivia,3,3.02E-07,0.03,9947418,Objective-C
Ghana,7,2.88E-07,0.03,24339838,Objective-C
Armenia,1,3.37E-07,0.03,2968000,Objective-C
Dominican Republic,3,3.05E-07,0.03,9823821,Objective-C
Algeria,10,2.89E-07,0.03,34586184,PHP
Haiti,3,3.11E-07,0.03,9648924,PHP
Cambodia,5,3.46E-07,0.03,14453680,Python
Albania,1,3.35E-07,0.03,2986952,Ruby
Mozambique,5,2.27E-07,0.02,22061451,Java
Guatemala,3,2.21E-07,0.02,13550440,Shell
Uzbekistan,5,1.79E-07,0.02,27865738,Shell
Senegal,2,1.62E-07,0.02,12323252,Shell
Benin,2,2.21E-07,0.02,9056010,C
Madagascar,5,2.35E-07,0.02,21281844,Objective-C
Sierra Leone,1,1.91E-07,0.02,5245695,Objective-C
Angola,2,1.53E-07,0.02,13068161,PHP
Ethiopia,8,9.09E-08,0.01,88013491,Java
Zambia,1,7.43E-08,0.01,13460305,Java
Zimbabwe,1,8.58E-08,0.01,11651858,Shell
Ethiopia,7,7.95E-08,0.01,88013491,C#
Nigeria,18,1.17E-07,0.01,154000000,C#
Guatemala,1,7.38E-08,0.01,13550440,C
Tanzania,3,7.16E-08,0.01,41892895,C
Azerbaijan,1,1.20E-07,0.01,8303512,C
Nigeria,18,1.17E-07,0.01,154000000,C
Nepal,4,1.38E-07,0.01,28951852,C
Madagascar,2,9.40E-08,0.01,21281844,C++
Nigeria,20,1.30E-07,0.01,154000000,C++
Morocco,3,9.49E-08,0.01,31627428,C++
Zimbabwe,1,8.58E-08,0.01,11651858,C++
Haiti,1,1.04E-07,0.01,9648924,JavaScript
Azerbaijan,1,1.20E-07,0.01,8303512,Objective-C
Tanzania,4,9.55E-08,0.01,41892895,PHP
Ethiopia,8,9.09E-08,0.01,88013491,Python
Cameroon,1,5.18E-08,0.01,19294149,Python
Malawi,1,6.47E-08,0.01,15447500,Python
Myanmar,3,5.62E-08,0.01,53414374,Python
Sudan,4,1.14E-07,0.01,35000000,Ruby
Tanzania,1,2.39E-08,0,41892895,Java
Antarctica,2,0,0,0,Java
Morocco,1,3.16E-08,0,31627428,Shell
Morocco,1,3.16E-08,0,31627428,C#
Syria,1,4.50E-08,0,22198110,Objective-C
Myanmar,1,1.87E-08,0,53414374,Objective-C
Democratic Republic of the Congo,2,2.82E-08,0,70916439,PHP
Iraq,1,3.37E-08,0,29671605,Python
North Korea,1,4.36E-08,0,22912177,Ruby
Antarctica,12,0,0,0,Ruby
Bouvet Island,106,0,0,0,All
Antarctica,2579,0,0,0,All
